{
  "seed": 42,
  "val_recall1": 0.6389999985694885,
  "val_recall5": 0.8560000061988831,
  "val_recall10": 0.909500002861023,
  "val_r2": 0.696607,
  "test_recall1": 0.6430000066757202,
  "test_recall5": 0.8675000071525574,
  "test_recall10": 0.9190000295639038,
  "test_r2": 0.709981,
  "avg_train_loss": 1.256492304647791,
  "training_seconds": 3600.273027420044,
  "num_steps": 9744
}