{
  "seed": 43,
  "val_recall1": 0.6294999718666077,
  "val_recall5": 0.8535000085830688,
  "val_recall10": 0.9054999947547913,
  "val_r2": 0.713059,
  "test_recall1": 0.6549999713897705,
  "test_recall5": 0.8675000071525574,
  "test_recall10": 0.9150000214576721,
  "test_r2": 0.718143,
  "avg_train_loss": 1.2674911466940404,
  "training_seconds": 3600.180722951889,
  "num_steps": 9735
}