{
  "seed": 44,
  "val_recall1": 0.6299999952316284,
  "val_recall5": 0.8485000133514404,
  "val_recall10": 0.9045000076293945,
  "val_r2": 0.708957,
  "test_recall1": 0.6349999904632568,
  "test_recall5": 0.8640000224113464,
  "test_recall10": 0.9169999957084656,
  "test_r2": 0.721871,
  "avg_train_loss": 1.2638542901704721,
  "training_seconds": 3600.2573997974396,
  "num_steps": 9756
}