{
  "val_r2": 0.06915998458862305,
  "test_r2": 0.06297874450683594,
  "feature_importances": {
    "src_calls": 0.09168598055839539,
    "asm_branch": 0.051334600895643234,
    "src_loc": 0.04605700075626373,
    "asm_total": 0.04235460236668587,
    "src_arith": 0.040442779660224915,
    "src_branches": 0.02337721921503544,
    "asm_mem": 0.01613917388021946,
    "src_loops": 0.010443000122904778,
    "src_ptrs": 0.009309076704084873,
    "src_simd_intrin": 0.002047816524282098,
    "asm_fp": 0.0003370047197677195,
    "asm_simd": 0.00014225696213543415,
    "asm_call": 0.0,
    "asm_mul": 0.0
  }
}